[
  {
    "tag": "Tag 1",
    "title": "Nie mehr Fremdbestimmung",
    "text": "Du startest mit einem klaren Ziel: Souveränität. Heute setzt du den ersten Anker."
  },
  {
    "tag": "Tag 2",
    "title": "Sicherheit zuerst",
    "text": "Wie du Risiken erkennst und minimierst – ohne Chancen zu verpassen."
  },
  {
    "tag": "Tag 3",
    "title": "Dein Setup",
    "text": "Accounts, Wallets & Basics. Schritt für Schritt sicher aufsetzen."
  },
  {
    "tag": "Tag 4",
    "title": "Klarheit statt Chaos",
    "text": "Informationsflut filtern, nur das Relevante behalten."
  },
  {
    "tag": "Tag 5",
    "title": "Dein Mentor",
    "text": "So nutzt du digitalen Mentor + Co-Mentor optimal."
  }
]